movieId,img,link
1,https://img3.doubanio.com/view/photo/s_ratio_poster/public/p480747492.webp,https://movie.douban.com/subject/1292052/
2,https://img1.doubanio.com/view/photo/s_ratio_poster/public/p2911205318.webp,https://movie.douban.com/subject/1291546/
3,https://img9.doubanio.com/view/photo/s_ratio_poster/public/p457760035.webp,https://movie.douban.com/subject/1292722/
4,https://img3.doubanio.com/view/photo/s_ratio_poster/public/p2372307693.webp,https://movie.douban.com/subject/1292720/
5,https://img1.doubanio.com/view/photo/s_ratio_poster/public/p2557573348.webp,https://movie.douban.com/subject/1291561/
6,https://img3.doubanio.com/view/photo/s_ratio_poster/public/p2578474613.webp,https://movie.douban.com/subject/1292063/
7,https://img3.doubanio.com/view/photo/s_ratio_poster/public/p2614988097.webp,https://movie.douban.com/subject/1889243/
8,https://img9.doubanio.com/view/photo/s_ratio_poster/public/p2913554676.webp,https://movie.douban.com/subject/1295644/
9,https://img9.doubanio.com/view/photo/s_ratio_poster/public/p513344864.webp,https://movie.douban.com/subject/3541415/
10,https://img3.doubanio.com/view/photo/s_ratio_poster/public/p479682972.webp,https://movie.douban.com/subject/1292064/
11,https://img3.doubanio.com/view/photo/s_ratio_poster/public/p492406163.webp,https://movie.douban.com/subject/1295124/
12,https://img1.doubanio.com/view/photo/s_ratio_poster/public/p2587099240.webp,https://movie.douban.com/subject/3011091/
13,https://img9.doubanio.com/view/photo/s_ratio_poster/public/p2914698334.webp,https://movie.douban.com/subject/1292001/
14,https://img9.doubanio.com/view/photo/s_ratio_poster/public/p2924128964.webp,https://movie.douban.com/subject/25662329/
15,https://img2.doubanio.com/view/photo/s_ratio_poster/public/p579729551.webp,https://movie.douban.com/subject/3793023/
16,https://img2.doubanio.com/view/photo/s_ratio_poster/public/p1461851991.webp,https://movie.douban.com/subject/2131459/
17,https://img1.doubanio.com/view/photo/s_ratio_poster/public/p2884280708.webp,https://movie.douban.com/subject/1291549/
18,https://img3.doubanio.com/view/photo/s_ratio_poster/public/p2564556863.webp,https://movie.douban.com/subject/1307914/
19,https://img3.doubanio.com/view/photo/s_ratio_poster/public/p2927451337.webp,https://movie.douban.com/subject/1296141/
20,https://img9.doubanio.com/view/photo/s_ratio_poster/public/p2455050536.webp,https://movie.douban.com/subject/1292213/
21,https://img9.doubanio.com/view/photo/s_ratio_poster/public/p1363250216.webp,https://movie.douban.com/subject/5912992/
22,https://img2.doubanio.com/view/photo/s_ratio_poster/public/p2505426431.webp,https://movie.douban.com/subject/20495023/
23,https://img9.doubanio.com/view/photo/s_ratio_poster/public/p1454261925.webp,https://movie.douban.com/subject/6786002/
24,https://img9.doubanio.com/view/photo/s_ratio_poster/public/p616779645.webp,https://movie.douban.com/subject/1291841/
25,https://img1.doubanio.com/view/photo/s_ratio_poster/public/p1312700628.webp,https://movie.douban.com/subject/1849031/
26,https://img3.doubanio.com/view/photo/s_ratio_poster/public/p452089833.webp,https://movie.douban.com/subject/1293172/
27,https://img1.doubanio.com/view/photo/s_ratio_poster/public/p2913781448.webp,https://movie.douban.com/subject/1295038/
28,https://img9.doubanio.com/view/photo/s_ratio_poster/public/p2540924496.webp,https://movie.douban.com/subject/1291560/
29,https://img3.doubanio.com/view/photo/s_ratio_poster/public/p2597919477.webp,https://movie.douban.com/subject/1292365/
30,https://img1.doubanio.com/view/photo/s_ratio_poster/public/p501177648.webp,https://movie.douban.com/subject/3319755/
31,https://img3.doubanio.com/view/photo/s_ratio_poster/public/p462657443.webp,https://movie.douban.com/subject/1851857/
32,https://img3.doubanio.com/view/photo/s_ratio_poster/public/p2642829472.webp,https://movie.douban.com/subject/1291552/
33,https://img9.doubanio.com/view/photo/s_ratio_poster/public/p2561305376.webp,https://movie.douban.com/subject/26752088/
34,https://img1.doubanio.com/view/photo/s_ratio_poster/public/p1963126880.webp,https://movie.douban.com/subject/1300267/
35,https://img1.doubanio.com/view/photo/s_ratio_poster/public/p2553594918.webp,https://movie.douban.com/subject/2129039/
36,https://img3.doubanio.com/view/photo/s_ratio_poster/public/p1512562287.webp,https://movie.douban.com/subject/3742360/
37,https://img9.doubanio.com/view/photo/s_ratio_poster/public/p2907583906.webp,https://movie.douban.com/subject/1308807/
38,https://img3.doubanio.com/view/photo/s_ratio_poster/public/p2173577632.webp,https://movie.douban.com/subject/1293182/
39,https://img9.doubanio.com/view/photo/s_ratio_poster/public/p2554525534.webp,https://movie.douban.com/subject/25958717/
40,https://img9.doubanio.com/view/photo/s_ratio_poster/public/p2118532944.webp,https://movie.douban.com/subject/21937452/
41,https://img2.doubanio.com/view/photo/s_ratio_poster/public/p453924541.webp,https://movie.douban.com/subject/1305487/
42,https://img2.doubanio.com/view/photo/s_ratio_poster/public/p2892409201.webp,https://movie.douban.com/subject/1291583/
43,https://img1.doubanio.com/view/photo/s_ratio_poster/public/p2553104888.webp,https://movie.douban.com/subject/1291858/
44,https://img1.doubanio.com/view/photo/s_ratio_poster/public/p2401676338.webp,https://movie.douban.com/subject/26387939/
45,https://img2.doubanio.com/view/photo/s_ratio_poster/public/p1784592701.webp,https://movie.douban.com/subject/1929463/
46,https://img2.doubanio.com/view/photo/s_ratio_poster/public/p1381339291.webp,https://movie.douban.com/subject/1296736/
47,https://img9.doubanio.com/view/photo/s_ratio_poster/public/p2640236255.webp,https://movie.douban.com/subject/1291572/
48,https://img1.doubanio.com/view/photo/s_ratio_poster/public/p2575465690.webp,https://movie.douban.com/subject/1291548/
49,https://img3.doubanio.com/view/photo/s_ratio_poster/public/p2561721372.webp,https://movie.douban.com/subject/1299398/
50,https://img1.doubanio.com/view/photo/s_ratio_poster/public/p2555295759.webp,https://movie.douban.com/subject/30170448/
51,https://img2.doubanio.com/view/photo/s_ratio_poster/public/p2531065411.webp,https://movie.douban.com/subject/27060077/
52,https://img1.doubanio.com/view/photo/s_ratio_poster/public/p2550757929.webp,https://movie.douban.com/subject/1298624/
53,https://img3.doubanio.com/view/photo/s_ratio_poster/public/p2184505167.webp,https://movie.douban.com/subject/1418019/
54,https://img1.doubanio.com/view/photo/s_ratio_poster/public/p451926968.webp,https://movie.douban.com/subject/1291843/
55,https://img9.doubanio.com/view/photo/s_ratio_poster/public/p2197698335.webp,https://movie.douban.com/subject/1291571/
56,https://img9.doubanio.com/view/photo/s_ratio_poster/public/p2189265085.webp,https://movie.douban.com/subject/1293839/
57,https://img3.doubanio.com/view/photo/s_ratio_poster/public/p2194138787.webp,https://movie.douban.com/subject/1299131/
58,https://img3.doubanio.com/view/photo/s_ratio_poster/public/p726659067.webp,https://movie.douban.com/subject/1301753/
59,https://img1.doubanio.com/view/photo/s_ratio_poster/public/p2653054340.webp,https://movie.douban.com/subject/1291828/
60,https://img2.doubanio.com/view/photo/s_ratio_poster/public/p1910899751.webp,https://movie.douban.com/subject/1291818/
61,https://img9.doubanio.com/view/photo/s_ratio_poster/public/p2158166535.webp,https://movie.douban.com/subject/21937445/
62,https://img3.doubanio.com/view/photo/s_ratio_poster/public/p2192535722.webp,https://movie.douban.com/subject/1485260/
63,https://img3.doubanio.com/view/photo/s_ratio_poster/public/p1910931622.webp,https://movie.douban.com/subject/1292000/
64,https://img1.doubanio.com/view/photo/s_ratio_poster/public/p1665997400.webp,https://movie.douban.com/subject/1306029/
65,https://img3.doubanio.com/view/photo/s_ratio_poster/public/p1473670352.webp,https://movie.douban.com/subject/3008247/
66,https://img1.doubanio.com/view/photo/s_ratio_poster/public/p2648230660.webp,https://movie.douban.com/subject/1292220/
67,https://img1.doubanio.com/view/photo/s_ratio_poster/public/p2913457020.webp,https://movie.douban.com/subject/3011235/
68,https://img1.doubanio.com/view/photo/s_ratio_poster/public/p792443418.webp,https://movie.douban.com/subject/1293350/
69,https://img1.doubanio.com/view/photo/s_ratio_poster/public/p1808872109.webp,https://movie.douban.com/subject/1900841/
70,https://img3.doubanio.com/view/photo/s_ratio_poster/public/p453788577.webp,https://movie.douban.com/subject/1294408/
71,https://img1.doubanio.com/view/photo/s_ratio_poster/public/p2219011938.webp,https://movie.douban.com/subject/1291543/
72,https://img1.doubanio.com/view/photo/s_ratio_poster/public/p2441988159.webp,https://movie.douban.com/subject/1292402/
73,https://img1.doubanio.com/view/photo/s_ratio_poster/public/p2913456870.webp,https://movie.douban.com/subject/1291544/
74,https://img1.doubanio.com/view/photo/s_ratio_poster/public/p2180085848.webp,https://movie.douban.com/subject/1652587/
75,https://img9.doubanio.com/view/photo/s_ratio_poster/public/p2498971355.webp,https://movie.douban.com/subject/26580232/
76,https://img9.doubanio.com/view/photo/s_ratio_poster/public/p1014542496.webp,https://movie.douban.com/subject/1292849/
77,https://img3.doubanio.com/view/photo/s_ratio_poster/public/p1593414327.webp,https://movie.douban.com/subject/1293544/
78,https://img9.doubanio.com/view/photo/s_ratio_poster/public/p2165511465.webp,https://movie.douban.com/subject/1303021/
79,https://img3.doubanio.com/view/photo/s_ratio_poster/public/p2183539003.webp,https://movie.douban.com/subject/11525673/
80,https://img3.doubanio.com/view/photo/s_ratio_poster/public/p792238287.webp,https://movie.douban.com/subject/1292224/
81,https://img1.doubanio.com/view/photo/s_ratio_poster/public/p2209066019.webp,https://movie.douban.com/subject/1292343/
82,https://img1.doubanio.com/view/photo/s_ratio_poster/public/p450262388.webp,https://movie.douban.com/subject/2334904/
83,https://img9.doubanio.com/view/photo/s_ratio_poster/public/p480965695.webp,https://movie.douban.com/subject/1292656/
84,https://img9.doubanio.com/view/photo/s_ratio_poster/public/p480383375.webp,https://movie.douban.com/subject/1780330/
85,https://img3.doubanio.com/view/photo/s_ratio_poster/public/p1910902213.webp,https://movie.douban.com/subject/1291832/
86,https://img9.doubanio.com/view/photo/s_ratio_poster/public/p2918279456.webp,https://movie.douban.com/subject/36445098/
87,https://img2.doubanio.com/view/photo/s_ratio_poster/public/p1305562621.webp,https://movie.douban.com/subject/5322596/
88,https://img2.doubanio.com/view/photo/s_ratio_poster/public/p2913781951.webp,https://movie.douban.com/subject/1296996/
89,https://img3.doubanio.com/view/photo/s_ratio_poster/public/p2618313392.webp,https://movie.douban.com/subject/1302425/
90,https://img1.doubanio.com/view/photo/s_ratio_poster/public/p2924629258.webp,https://movie.douban.com/subject/1292434/
91,https://img1.doubanio.com/view/photo/s_ratio_poster/public/p2263408369.webp,https://movie.douban.com/subject/1294371/
92,https://img1.doubanio.com/view/photo/s_ratio_poster/public/p1633113220.webp,https://movie.douban.com/subject/1300299/
93,https://img9.doubanio.com/view/photo/s_ratio_poster/public/p2558364386.webp,https://movie.douban.com/subject/1297192/
94,https://img2.doubanio.com/view/photo/s_ratio_poster/public/p465939041.webp,https://movie.douban.com/subject/1292679/
95,https://img9.doubanio.com/view/photo/s_ratio_poster/public/p1596085504.webp,https://movie.douban.com/subject/1298070/
96,https://img1.doubanio.com/view/photo/s_ratio_poster/public/p2559579779.webp,https://movie.douban.com/subject/3442220/
97,https://img3.doubanio.com/view/photo/s_ratio_poster/public/p477229647.webp,https://movie.douban.com/subject/1292262/
98,https://img1.doubanio.com/view/photo/s_ratio_poster/public/p2794776839.webp,https://movie.douban.com/subject/1865703/
99,https://img9.doubanio.com/view/photo/s_ratio_poster/public/p2219586434.webp,https://movie.douban.com/subject/1292223/
100,https://img9.doubanio.com/view/photo/s_ratio_poster/public/p2357915564.webp,https://movie.douban.com/subject/1306249/
101,https://img3.doubanio.com/view/photo/s_ratio_poster/public/p1546987967.webp,https://movie.douban.com/subject/6985810/
102,https://img3.doubanio.com/view/photo/s_ratio_poster/public/p2920895053.webp,https://movie.douban.com/subject/1297359/
103,https://img9.doubanio.com/view/photo/s_ratio_poster/public/p2223011274.webp,https://movie.douban.com/subject/1305164/
104,https://img1.doubanio.com/view/photo/s_ratio_poster/public/p2561439800.webp,https://movie.douban.com/subject/27010768/
105,https://img9.doubanio.com/view/photo/s_ratio_poster/public/p1706428744.webp,https://movie.douban.com/subject/3395373/
106,https://img9.doubanio.com/view/photo/s_ratio_poster/public/p2700138245.webp,https://movie.douban.com/subject/1428581/
107,https://img9.doubanio.com/view/photo/s_ratio_poster/public/p1816276065.webp,https://movie.douban.com/subject/10777687/
108,https://img1.doubanio.com/view/photo/s_ratio_poster/public/p2224568669.webp,https://movie.douban.com/subject/11026735/
109,https://img9.doubanio.com/view/photo/s_ratio_poster/public/p2555762374.webp,https://movie.douban.com/subject/1296339/
110,https://img9.doubanio.com/view/photo/s_ratio_poster/public/p2220184425.webp,https://movie.douban.com/subject/1297630/
111,https://img9.doubanio.com/view/photo/s_ratio_poster/public/p2191788134.webp,https://movie.douban.com/subject/1291990/
112,https://img9.doubanio.com/view/photo/s_ratio_poster/public/p884763596.webp,https://movie.douban.com/subject/1787291/
113,https://img9.doubanio.com/view/photo/s_ratio_poster/public/p2528965424.webp,https://movie.douban.com/subject/1461403/
114,https://img2.doubanio.com/view/photo/s_ratio_poster/public/p792381411.webp,https://movie.douban.com/subject/1291999/
115,https://img3.doubanio.com/view/photo/s_ratio_poster/public/p1351050722.webp,https://movie.douban.com/subject/1395091/
116,https://img9.doubanio.com/view/photo/s_ratio_poster/public/p2913456904.webp,https://movie.douban.com/subject/1309055/
117,https://img1.doubanio.com/view/photo/s_ratio_poster/public/p2874927470.webp,https://movie.douban.com/subject/10533913/
118,https://img9.doubanio.com/view/photo/s_ratio_poster/public/p2707581855.webp,https://movie.douban.com/subject/2149806/
119,https://img9.doubanio.com/view/photo/s_ratio_poster/public/p617533616.webp,https://movie.douban.com/subject/4202302/
120,https://img9.doubanio.com/view/photo/s_ratio_poster/public/p2620392435.webp,https://movie.douban.com/subject/1293359/
121,https://img3.doubanio.com/view/photo/s_ratio_poster/public/p480956937.webp,https://movie.douban.com/subject/1292370/
122,https://img3.doubanio.com/view/photo/s_ratio_poster/public/p2169104127.webp,https://movie.douban.com/subject/1418834/
123,https://img1.doubanio.com/view/photo/s_ratio_poster/public/p2004174709.webp,https://movie.douban.com/subject/1294639/
124,https://img9.doubanio.com/view/photo/s_ratio_poster/public/p2070153774.webp,https://movie.douban.com/subject/10577869/
125,https://img9.doubanio.com/view/photo/s_ratio_poster/public/p2221768894.webp,https://movie.douban.com/subject/21318488/
126,https://img9.doubanio.com/view/photo/s_ratio_poster/public/p2918554634.webp,https://movie.douban.com/subject/1297447/
127,https://img3.doubanio.com/view/photo/s_ratio_poster/public/p661160053.webp,https://movie.douban.com/subject/1292337/
128,https://img9.doubanio.com/view/photo/s_ratio_poster/public/p2210954024.webp,https://movie.douban.com/subject/2353023/
129,https://img3.doubanio.com/view/photo/s_ratio_poster/public/p2918312477.webp,https://movie.douban.com/subject/1291557/
130,https://img1.doubanio.com/view/photo/s_ratio_poster/public/p2016401659.webp,https://movie.douban.com/subject/1418200/
131,https://img1.doubanio.com/view/photo/s_ratio_poster/public/p1903379979.webp,https://movie.douban.com/subject/10437779/
132,https://img1.doubanio.com/view/photo/s_ratio_poster/public/p2190556408.webp,https://movie.douban.com/subject/1300992/
133,https://img9.doubanio.com/view/photo/s_ratio_poster/public/p2564685215.webp,https://movie.douban.com/subject/1291875/
134,https://img3.doubanio.com/view/photo/s_ratio_poster/public/p2406624993.webp,https://movie.douban.com/subject/26628357/
135,https://img1.doubanio.com/view/photo/s_ratio_poster/public/p1283675359.webp,https://movie.douban.com/subject/1858711/
136,https://img3.doubanio.com/view/photo/s_ratio_poster/public/p2260999203.webp,https://movie.douban.com/subject/25814705/
140,https://img2.doubanio.com/view/photo/s_ratio_poster/public/p2169664351.webp,https://movie.douban.com/subject/1294240/
141,https://img3.doubanio.com/view/photo/s_ratio_poster/public/p456692072.webp,https://movie.douban.com/subject/1297052/
142,https://img1.doubanio.com/view/photo/s_ratio_poster/public/p2505525050.webp,https://movie.douban.com/subject/26799731/
143,https://img9.doubanio.com/view/photo/s_ratio_poster/public/p2532803206.webp,https://movie.douban.com/subject/1307315/
144,https://img3.doubanio.com/view/photo/s_ratio_poster/public/p2181698213.webp,https://movie.douban.com/subject/1292274/
145,https://img1.doubanio.com/view/photo/s_ratio_poster/public/p648370300.webp,https://movie.douban.com/subject/1297518/
146,https://img3.doubanio.com/view/photo/s_ratio_poster/public/p1800813767.webp,https://movie.douban.com/subject/6307447/
147,https://img1.doubanio.com/view/photo/s_ratio_poster/public/p2360940399.webp,https://movie.douban.com/subject/25986180/
148,https://img1.doubanio.com/view/photo/s_ratio_poster/public/p2258078370.webp,https://movie.douban.com/subject/25814707/
149,https://img1.doubanio.com/view/photo/s_ratio_poster/public/p792776858.webp,https://movie.douban.com/subject/3287562/
150,https://img3.doubanio.com/view/photo/s_ratio_poster/public/p2249048907.webp,https://movie.douban.com/subject/1303037/
151,https://img3.doubanio.com/view/photo/s_ratio_poster/public/p1675053073.webp,https://movie.douban.com/subject/5989818/
152,https://img9.doubanio.com/view/photo/s_ratio_poster/public/p689520756.webp,https://movie.douban.com/subject/4268598/
153,https://img9.doubanio.com/view/photo/s_ratio_poster/public/p2923412445.webp,https://movie.douban.com/subject/3072124/
154,https://img3.doubanio.com/view/photo/s_ratio_poster/public/p2516578307.webp,https://movie.douban.com/subject/4920389/
155,https://img9.doubanio.com/view/photo/s_ratio_poster/public/p2215886505.webp,https://movie.douban.com/subject/1295399/
156,https://img1.doubanio.com/view/photo/s_ratio_poster/public/p2922986728.webp,https://movie.douban.com/subject/10463953/
157,https://img9.doubanio.com/view/photo/s_ratio_poster/public/p692813374.webp,https://movie.douban.com/subject/1291545/
158,https://img9.doubanio.com/view/photo/s_ratio_poster/public/p1021883305.webp,https://movie.douban.com/subject/1293181/
159,https://img3.doubanio.com/view/photo/s_ratio_poster/public/p2609063922.webp,https://movie.douban.com/subject/1316510/
160,https://img1.doubanio.com/view/photo/s_ratio_poster/public/p2398141939.webp,https://movie.douban.com/subject/26325320/
161,https://img2.doubanio.com/view/photo/s_ratio_poster/public/p2910701461.webp,https://movie.douban.com/subject/26683290/
162,https://img1.doubanio.com/view/photo/s_ratio_poster/public/p2595591069.webp,https://movie.douban.com/subject/24733428/
163,https://img9.doubanio.com/view/photo/s_ratio_poster/public/p652417775.webp,https://movie.douban.com/subject/1306861/
164,https://img3.doubanio.com/view/photo/s_ratio_poster/public/p2505048077.webp,https://movie.douban.com/subject/1307856/
165,https://img3.doubanio.com/view/photo/s_ratio_poster/public/p1374786017.webp,https://movie.douban.com/subject/4917726/
166,https://img9.doubanio.com/view/photo/s_ratio_poster/public/p2016930906.webp,https://movie.douban.com/subject/21360417/
167,https://img1.doubanio.com/view/photo/s_ratio_poster/public/p443461818.webp,https://movie.douban.com/subject/1302467/
168,https://img9.doubanio.com/view/photo/s_ratio_poster/public/p2502943384.webp,https://movie.douban.com/subject/26611804/
169,https://img9.doubanio.com/view/photo/s_ratio_poster/public/p2567198874.webp,https://movie.douban.com/subject/27119724/
170,https://img9.doubanio.com/view/photo/s_ratio_poster/public/p726839485.webp,https://movie.douban.com/subject/1417598/
171,https://img3.doubanio.com/view/photo/s_ratio_poster/public/p792223507.webp,https://movie.douban.com/subject/1578507/
172,https://img3.doubanio.com/view/photo/s_ratio_poster/public/p2166160837.webp,https://movie.douban.com/subject/1793929/
173,https://img1.doubanio.com/view/photo/s_ratio_poster/public/p958008320.webp,https://movie.douban.com/subject/1307106/
174,https://img3.doubanio.com/view/photo/s_ratio_poster/public/p1867084027.webp,https://movie.douban.com/subject/1907966/
175,https://img9.doubanio.com/view/photo/s_ratio_poster/public/p1910924635.webp,https://movie.douban.com/subject/1291992/
176,https://img1.doubanio.com/view/photo/s_ratio_poster/public/p2319879389.webp,https://movie.douban.com/subject/1422283/
177,https://img2.doubanio.com/view/photo/s_ratio_poster/public/p767586451.webp,https://movie.douban.com/subject/1300374/
178,https://img1.doubanio.com/view/photo/s_ratio_poster/public/p2074715729.webp,https://movie.douban.com/subject/10808442/
179,https://img3.doubanio.com/view/photo/s_ratio_poster/public/p2603364117.webp,https://movie.douban.com/subject/25895901/
180,https://img3.doubanio.com/view/photo/s_ratio_poster/public/p712241453.webp,https://movie.douban.com/subject/1862151/
181,https://img3.doubanio.com/view/photo/s_ratio_poster/public/p1917567652.webp,https://movie.douban.com/subject/1291585/
182,https://img9.doubanio.com/view/photo/s_ratio_poster/public/p1612355875.webp,https://movie.douban.com/subject/1293460/
183,https://img1.doubanio.com/view/photo/s_ratio_poster/public/p455677490.webp,https://movie.douban.com/subject/1292208/
184,https://img9.doubanio.com/view/photo/s_ratio_poster/public/p2560717825.webp,https://movie.douban.com/subject/1292226/
185,https://img1.doubanio.com/view/photo/s_ratio_poster/public/p2926020289.webp,https://movie.douban.com/subject/25917973/
186,https://img3.doubanio.com/view/photo/s_ratio_poster/public/p2504997087.webp,https://movie.douban.com/subject/1297574/
187,https://img9.doubanio.com/view/photo/s_ratio_poster/public/p2904305126.webp,https://movie.douban.com/subject/35426925/
188,https://img3.doubanio.com/view/photo/s_ratio_poster/public/p641688453.webp,https://movie.douban.com/subject/1304447/
189,https://img1.doubanio.com/view/photo/s_ratio_poster/public/p2597918718.webp,https://movie.douban.com/subject/1295409/
190,https://img3.doubanio.com/view/photo/s_ratio_poster/public/p470419493.webp,https://movie.douban.com/subject/1291822/
191,https://img9.doubanio.com/view/photo/s_ratio_poster/public/p1735642656.webp,https://movie.douban.com/subject/6534248/
192,https://img9.doubanio.com/view/photo/s_ratio_poster/public/p2530599636.webp,https://movie.douban.com/subject/27622447/
193,https://img9.doubanio.com/view/photo/s_ratio_poster/public/p462470694.webp,https://movie.douban.com/subject/3011051/
194,https://img1.doubanio.com/view/photo/s_ratio_poster/public/p1910895719.webp,https://movie.douban.com/subject/1291578/
195,https://img9.doubanio.com/view/photo/s_ratio_poster/public/p848381236.webp,https://movie.douban.com/subject/1292329/
196,https://img1.doubanio.com/view/photo/s_ratio_poster/public/p456703618.webp,https://movie.douban.com/subject/1310177/
197,https://img3.doubanio.com/view/photo/s_ratio_poster/public/p456676352.webp,https://movie.douban.com/subject/1307811/
198,https://img1.doubanio.com/view/photo/s_ratio_poster/public/p2575337180.webp,https://movie.douban.com/subject/1297880/
199,https://img2.doubanio.com/view/photo/s_ratio_poster/public/p456666151.webp,https://movie.douban.com/subject/3792799/
200,https://img9.doubanio.com/view/photo/s_ratio_poster/public/p2603716224.webp,https://movie.douban.com/subject/1959195/
201,https://img3.doubanio.com/view/photo/s_ratio_poster/public/p2919686972.webp,https://movie.douban.com/subject/24750126/
202,https://img3.doubanio.com/view/photo/s_ratio_poster/public/p2676812053.webp,https://movie.douban.com/subject/1867345/
203,https://img3.doubanio.com/view/photo/s_ratio_poster/public/p2505928032.webp,https://movie.douban.com/subject/27059130/
204,https://img9.doubanio.com/view/photo/s_ratio_poster/public/p988260245.webp,https://movie.douban.com/subject/3075287/
205,https://img3.doubanio.com/view/photo/s_ratio_poster/public/p2236181653.webp,https://movie.douban.com/subject/3592854/
206,https://img3.doubanio.com/view/photo/s_ratio_poster/public/p709670262.webp,https://movie.douban.com/subject/4848115/
207,https://img1.doubanio.com/view/photo/s_ratio_poster/public/p2434249040.webp,https://movie.douban.com/subject/2209573/
208,https://img3.doubanio.com/view/photo/s_ratio_poster/public/p2868462052.webp,https://movie.douban.com/subject/34874432/
209,https://img9.doubanio.com/view/photo/s_ratio_poster/public/p2363208684.webp,https://movie.douban.com/subject/1308857/
210,https://img1.doubanio.com/view/photo/s_ratio_poster/public/p2170238828.webp,https://movie.douban.com/subject/1293908/
211,https://img3.doubanio.com/view/photo/s_ratio_poster/public/p2893896472.webp,https://movie.douban.com/subject/2133323/
212,https://img3.doubanio.com/view/photo/s_ratio_poster/public/p2549558913.webp,https://movie.douban.com/subject/5300054/
213,https://img1.doubanio.com/view/photo/s_ratio_poster/public/p2915975989.webp,https://movie.douban.com/subject/25773932/
214,https://img3.doubanio.com/view/photo/s_ratio_poster/public/p1982176012.webp,https://movie.douban.com/subject/1292328/
215,https://img1.doubanio.com/view/photo/s_ratio_poster/public/p2923862788.webp,https://movie.douban.com/subject/1303394/
216,https://img3.doubanio.com/view/photo/s_ratio_poster/public/p2901105952.webp,https://movie.douban.com/subject/25934014/
217,https://img9.doubanio.com/view/photo/s_ratio_poster/public/p2913456984.webp,https://movie.douban.com/subject/2051007/
218,https://img1.doubanio.com/view/photo/s_ratio_poster/public/p2575043939.webp,https://movie.douban.com/subject/1438652/
219,https://img9.doubanio.com/view/photo/s_ratio_poster/public/p1910909085.webp,https://movie.douban.com/subject/1291844/
220,https://img9.doubanio.com/view/photo/s_ratio_poster/public/p2549648344.webp,https://movie.douban.com/subject/1978709/
221,https://img3.doubanio.com/view/photo/s_ratio_poster/public/p1254404823.webp,https://movie.douban.com/subject/1293323/
222,https://img3.doubanio.com/view/photo/s_ratio_poster/public/p1505312273.webp,https://movie.douban.com/subject/4739952/
223,https://img1.doubanio.com/view/photo/s_ratio_poster/public/p1421018669.webp,https://movie.douban.com/subject/1292287/
224,https://img3.doubanio.com/view/photo/s_ratio_poster/public/p792257137.webp,https://movie.douban.com/subject/1302827/
225,https://img3.doubanio.com/view/photo/s_ratio_poster/public/p2353324612.webp,https://movie.douban.com/subject/1291870/
226,https://img1.doubanio.com/view/photo/s_ratio_poster/public/p2627847859.webp,https://movie.douban.com/subject/1959877/
227,https://img3.doubanio.com/view/photo/s_ratio_poster/public/p792423963.webp,https://movie.douban.com/subject/1300117/
228,https://img3.doubanio.com/view/photo/s_ratio_poster/public/p2399597512.webp,https://movie.douban.com/subject/1296909/
229,https://img2.doubanio.com/view/photo/s_ratio_poster/public/p1598883511.webp,https://movie.douban.com/subject/1291879/
230,https://img9.doubanio.com/view/photo/s_ratio_poster/public/p2913456924.webp,https://movie.douban.com/subject/1457217/
231,https://img1.doubanio.com/view/photo/s_ratio_poster/public/p475600770.webp,https://movie.douban.com/subject/1292401/
232,https://img9.doubanio.com/view/photo/s_ratio_poster/public/p2187896734.webp,https://movie.douban.com/subject/25807345/
233,https://img9.doubanio.com/view/photo/s_ratio_poster/public/p483604864.webp,https://movie.douban.com/subject/1309163/
234,https://img9.doubanio.com/view/photo/s_ratio_poster/public/p2421855655.webp,https://movie.douban.com/subject/25980443/
235,https://img3.doubanio.com/view/photo/s_ratio_poster/public/p2264592493.webp,https://movie.douban.com/subject/25864085/
236,https://img1.doubanio.com/view/photo/s_ratio_poster/public/p443461390.webp,https://movie.douban.com/subject/1304141/
237,https://img1.doubanio.com/view/photo/s_ratio_poster/public/p2375245718.webp,https://movie.douban.com/subject/2222996/
238,https://img1.doubanio.com/view/photo/s_ratio_poster/public/p2507709428.webp,https://movie.douban.com/subject/26787574/
239,https://img9.doubanio.com/view/photo/s_ratio_poster/public/p2215102596.webp,https://movie.douban.com/subject/1307394/
240,https://img2.doubanio.com/view/photo/s_ratio_poster/public/p792282381.webp,https://movie.douban.com/subject/1419936/
241,https://img3.doubanio.com/view/photo/s_ratio_poster/public/p2151245053.webp,https://movie.douban.com/subject/4202982/
242,https://img1.doubanio.com/view/photo/s_ratio_poster/public/p2237136718.webp,https://movie.douban.com/subject/1293318/
243,https://img9.doubanio.com/view/photo/s_ratio_poster/public/p667644866.webp,https://movie.douban.com/subject/1308767/
244,https://img1.doubanio.com/view/photo/s_ratio_poster/public/p2535851348.webp,https://movie.douban.com/subject/26374197/
245,https://img3.doubanio.com/view/photo/s_ratio_poster/public/p2921045013.webp,https://movie.douban.com/subject/1291936/
246,https://img3.doubanio.com/view/photo/s_ratio_poster/public/p1244017073.webp,https://movie.douban.com/subject/1428175/
247,https://img1.doubanio.com/view/photo/s_ratio_poster/public/p2351134499.webp,https://movie.douban.com/subject/1293964/
248,https://img1.doubanio.com/view/photo/s_ratio_poster/public/p2374067318.webp,https://movie.douban.com/subject/26615208/
249,https://img9.doubanio.com/view/photo/s_ratio_poster/public/p2259715855.webp,https://movie.douban.com/subject/25724855/
250,https://img9.doubanio.com/view/photo/s_ratio_poster/public/p2355555424.webp,https://movie.douban.com/subject/25977027/
